{"Centriod_Yearly_Rainfall": 40.94, "Deviation_Yearly_Rainfall": 9.977897999999994, "Centriod_Yearly_Sunshine": 149828.3359462486, "Deviation_Yearly_Sunshine": 24056.57908658039}